sport,Sport
africa,Africa
asia,Asia
europe,Europe
north america,North America
oceania,Oceania
south america,South America
arab countries,Arab Countries
ex yugoslavia,Ex Yugoslavia
latin america,Latin America
scandinavia,Scandinavia
afghanistan,Afghanistan
albania,Albania
algeria,Algeria
american samoa,American Samoa
andorra,Andorra
angola,Angola
argentina,Argentina
armenia,Armenia
aruba,Aruba
australia,Australia
austria,Austria
azerbaijan,Azerbaijan
bahrain,Bahrain
bangladesh,Bangladesh
barbados,Barbados
belarus,Belarus
belgium,Belgium
bolivia,Bolivia
bosnia and herzegovina,Bosnia and Herzegovina
brazil,Brazil
brunei,Brunei
bulgaria,Bulgaria
burkina faso,Burkina Faso
cambodia,Cambodia
cameroon,Cameroon
canada,Canada
chile,Chile
china,China
colombia,Colombia
costa rica,Costa Rica
croatia,Croatia
curaçao,Curaçao
cyprus,Cyprus
czech republic,Czech Republic
democratic republic of the congo,Democratic Republic of the Congo
denmark,Denmark
dominican republic,Dominican Republic
ecuador,Ecuador
egypt,Egypt
el salvador,El Salvador
equatorial guinea,Equatorial Guinea
eritrea,Eritrea
estonia,Estonia
ethiopia,Ethiopia
faroe islands,Faroe Islands
fiji,Fiji
finland,Finland
france,France
gambia,Gambia
georgia,Georgia
germany,Germany
ghana,Ghana
greece,Greece
guadeloupe,Guadeloupe
haiti,Haiti
honduras,Honduras
hong kong,Hong Kong
hungary,Hungary
iceland,Iceland
india,India
indonesia,Indonesia
iran,Iran
iraq,Iraq
ireland,Ireland
israel,Israel
italy,Italy
jamaica,Jamaica
japan,Japan
jordan,Jordan
kazakhstan,Kazakhstan
kosovo,Kosovo
kuwait,Kuwait
kyrgyzstan,Kyrgyzstan
laos,Laos
latvia,Latvia
lebanon,Lebanon
libya,Libya
liechtenstein,Liechtenstein
lithuania,Lithuania
luxembourg,Luxembourg
macao,Macao
malaysia,Malaysia
maldives,Maldives
mexico,Mexico
moldova,Moldova
mongolia,Mongolia
montenegro,Montenegro
morocco,Morocco
mozambique,Mozambique
myanmar,Myanmar
nepal,Nepal
netherlands,Netherlands
new zealand,New Zealand
nicaragua,Nicaragua
nigeria,Nigeria
north korea,North Korea
north macedonia,North Macedonia
norway,Norway
oman,Oman
pakistan,Pakistan
palestine,Palestine
panama,Panama
paraguay,Paraguay
peru,Peru
philippines,Philippines
poland,Poland
portugal,Portugal
puerto rico,Puerto Rico
qatar,Qatar
romania,Romania
russian federation,Russian Federation
rwanda,Rwanda
san marino,San Marino
saudi arabia,Saudi Arabia
senegal,Senegal
serbia,Serbia
sierra leone,Sierra Leone
singapore,Singapore
slovakia,Slovakia
slovenia,Slovenia
somalia,Somalia
south korea,South Korea
spain,Spain
sri lanka,Sri Lanka
sudan,Sudan
sweden,Sweden
switzerland,Switzerland
syria,Syria
taiwan,Taiwan
tanzania,Tanzania
thailand,Thailand
trinidad and tobago,Trinidad and Tobago
tunisia,Tunisia
turkey,Turkey
turkmenistan,Turkmenistan
ukraine,Ukraine
undefined,Undefined
united arab emirates,United Arab Emirates
united kingdom,United Kingdom
united states of america,United States of America
uruguay,Uruguay
uzbekistan,Uzbekistan
venezuela,Venezuela
vietnam,Vietnam
western sahara,Western Sahara
yemen,Yemen
